4.237172172097736e-05,0.0017196270456944134,0.002541949463732259,-5.1320033966328593e-05,6.17338741828044e-07,3.743656196388605e-05,-0.0008232302703174843,-5.939179909712659e-05,-5.206961464752986e-07,-2.2776803062602765e-05,-5.6076870985550105e-05,0.00029613272811986047,-0.0008102849305612673,2.3788793430439344e-05,6.980580488430366e-05,-0.0010270512811627994,-6.21508375082236e-06,1.9764306343455153e-05,-0.00014368423613072545,0.00016020701606440119,-1.0965091378603858e-05,-4.4625653192347034e-05,1.5128501147481157e-05,2.1911910139955908e-05,0.004029442142232639,-0.00034938820178357066,-0.0027738527976510666,3.900031740026902e-05,3.434972945340512e-05,3.654291968666943e-05,0.0001000743651412689
0.0017196270456944134,348.10901547874016,-42.21637499293638,-0.017235010837479855,0.01590978226452519,0.09133360885137366,-1.2480447624222577,0.1972147575251776,-0.0023470220838081412,-0.00983976622425215,0.04175150513948199,-0.0757455419932594,-1.3401134881958117,0.01606702667227599,-0.8344888515606812,-1.6115163281380926,-0.013493770332546414,0.054509030847751334,0.361326630445224,0.15396246443011385,-0.06189360504215988,0.010201507649544467,0.5674300359405241,-0.5748952268520019,0.10539494364202466,0.026557221917048266,-1.198607875968156,0.0032733733952229763,0.025275384736000987,0.1525489712183811,0.3279321523330543
0.002541949463732259,-42.21637499293638,572.4636890896705,0.013849192861126599,-0.10098517489539102,-0.0382188684253358,2.5632906196215974,0.06167186017223273,-0.009031660477810212,0.02018380334326102,-0.07772251421579537,0.22616126136103537,2.1667004271916004,-0.010241717659113829,0.441580275375044,2.8290644818067996,-0.007064661372135447,-0.09193423368197029,-0.2767319993705961,-0.22092907335274,0.09083833460814277,-0.04698611039749474,-0.8353347096502591,0.955125372002485,0.14960960623608607,0.0054984958860603336,2.357739482642995,0.013121901599862604,-0.0110563100892531,-0.21290223426800878,1.2686301122379358
-5.1320033966328593e-05,-0.017235010837479855,0.013849192861126599,0.002744695113810882,-0.00010269560826185625,0.00028125182341043434,0.005868315048524026,-0.0005153292811520242,3.6727749246796282e-06,3.117745415773796e-05,7.790860251508572e-06,-0.000255761767914323,0.005559643903948534,-2.840702562984142e-05,-0.0013310770560730184,0.006537741872534277,-4.978041632300314e-05,-0.00019336244372427418,-0.00021623951316161264,-0.000505074694741673,-2.35035484322327e-05,-6.396235597058567e-05,-0.00014111081179868322,0.0001928608189528523,-0.005021287072874415,0.0015379768344327787,0.003701076155827971,1.5972904681542938e-07,-7.207799896577653e-06,7.792602271281912e-05,0.0015513314507823901
6.17338741828044e-07,0.01590978226452519,-0.10098517489539102,-0.00010269560826185625,0.04071100595674257,0.0008769790416645522,0.0020400045939091512,-0.00016467450116832626,2.9586312963018915e-05,-7.057267069265766e-05,0.00148780637627824,-0.003350363499487543,0.004659992853509275,-0.0003760991956956866,0.0014574821181371391,0.003269721410000904,0.0003089225393795112,0.0010794281820491814,-7.434662088165414e-05,0.01303161869084978,-5.6759164851247355e-05,0.005425348402040952,0.0007964531196315653,-0.0009038711368514383,0.0004749059332845559,-0.0005785267047820281,-0.009160584790040146,-0.000263699303336265,-7.986500306425142e-06,0.0005813773239452651,-0.008076248584175775
3.743656196388605e-05,0.09133360885137366,-0.0382188684253358,0.00028125182341043434,0.0008769790416645522,0.04637012988285078,0.013561164893173746,0.0001820544032830129,-6.324076621095468e-05,3.971773776105302e-06,0.001308855458356395,-0.0010315826196679119,0.013987216349017334,0.0003619154400080598,0.0005125391659687031,0.015658664761643445,-0.00024753174351165204,0.0010850966415237322,-0.0008841643764480944,0.010683699552300125,-0.0002806718505392968,0.0016761803136910696,0.0008370021231963962,-0.0007534829379666226,0.003736546429994237,0.0010327519683829495,2.0436575264521523e-05,-9.104729016331046e-05,8.494800895346087e-05,0.0007519762172328822,-0.0038577529551111294
-0.0008232302703174843,-1.2480447624222577,2.5632906196215974,0.005868315048524026,0.0020400045939091512,0.013561164893173746,1.022862702597688,0.00819174875223546,0.0008896103732184336,0.001705422951419267,0.014662741442990592,0.01942943632399829,0.919209340685865,0.00551268867863327,-0.022477436476569197,1.094491462834051,-0.0023707637253094875,-0.011448949991641737,0.019046919448168123,0.06406781611973238,-0.0025432938873453507,0.027478253976726406,-0.02323157556942245,0.02559921345605473,-0.08144475305332742,0.027720435718301087,0.20818719262612242,0.004792670113941365,-0.00019551226075245214,0.0070224238986054495,0.09175665455406327
-5.939179909712659e-05,0.1972147575251776,0.06167186017223273,-0.0005153292811520242,-0.00016467450116832626,0.0001820544032830129,0.00819174875223546,0.24904696879185279,-5.345823226570293e-05,-7.854428591058965e-05,-0.000772589651900102,-0.004114576803660648,0.0076005786106827485,-0.000912764460313107,-0.016118108183017378,0.011434623450355771,-0.0003523317751423568,-0.0010922237382052268,0.0029107951861601367,-0.002277588406721533,-8.156213922755737e-05,-0.0003704608140548333,7.988792716292536e-05,0.00022609548958711238,-0.0058083775009435245,-0.00014741224979735758,-0.008802600151741129,-0.00017850710791753082,-0.0002435145720255297,0.00023338480687499542,0.0013480777300190782
-5.206961464752986e-07,-0.0023470220838081412,-0.009031660477810212,3.6727749246796282e-06,2.9586312963018915e-05,-6.324076621095468e-05,0.0008896103732184336,-5.345823226570293e-05,0.00011870982547277068,-5.068487162878272e-06,0.0001507103079575008,-0.00010432778060631736,0.001053107316704009,5.30292498702243e-06,7.769562456936322e-05,0.00113847067206346,8.676457595114765e-07,-4.884192607076432e-06,-2.737514543056516e-05,3.387725348037673e-05,-2.123234604957054e-05,0.0002614207709308827,6.649281496255199e-05,-8.432224655183434e-05,-2.0002308759793722e-05,5.9418057967742754e-05,-0.0006023234851592812,1.9322551693270267e-06,2.2549351353415367e-06,0.00013569436357656488,0.000907675453837937
-2.2776803062602765e-05,-0.00983976622425215,0.02018380334326102,3.117745415773796e-05,-7.057267069265766e-05,3.971773776105302e-06,0.001705422951419267,-7.854428591058965e-05,-5.068487162878272e-06,0.00011286951210020775,7.223599495567055e-05,-7.372000954691749e-05,0.0014719770994942117,1.3413728870828264e-05,0.00023214754007676774,0.0020984134889560913,3.0231530674111383e-05,-1.0641163334478724e-05,9.808328723658154e-05,-0.00033177087232488323,5.9349832133985914e-05,9.133889493730201e-05,-0.0002578035970539722,0.00017812848243951,-0.002189996908688326,0.00022219730443294233,0.013499250827634828,-6.535989704292419e-06,-3.497004287542418e-05,-0.00015097032849699678,-0.00018545677721540447
-5.6076870985550105e-05,0.04175150513948199,-0.07772251421579537,7.790860251508572e-06,0.00148780637627824,0.001308855458356395,0.014662741442990592,-0.000772589651900102,0.0001507103079575008,7.223599495567055e-05,0.005195122867359226,-0.004197379307587503,0.017238021211297787,7.629220981225137e-05,0.004651037938453941,0.016788975123150376,-0.00011219167463529579,0.0022815188828978032,-0.0007891040246880689,0.012768174386861914,-0.0005412399141925534,0.006172333270310975,0.0008793478155312343,-0.0012422912344524119,-0.005327120703017297,0.00027064717889282297,0.008909070662568725,-0.0006517083710003128,2.452825084869453e-05,0.0016994994501718912,0.006554609412264072
0.00029613272811986047,-0.0757455419932594,0.22616126136103537,-0.000255761767914323,-0.003350363499487543,-0.0010315826196679119,0.01942943632399829,-0.004114576803660648,-0.00010432778060631736,-7.372000954691749e-05,-0.004197379307587503,1.0129560416750527,0.016943345325723804,0.0008046912463890327,-0.021841910391716752,0.016013162742800166,-0.0006115261673450828,-0.003609664711405312,0.024376741729461887,-0.00580847659466295,0.0006662374147430875,-0.0015035496615778989,-0.002409402575283922,0.003171850368550428,0.029134610362567946,-0.002572632043152481,-0.010157454587589853,0.0026513315444100954,-0.00021361684285921335,-0.0016005026872576615,0.053048375578593224
-0.0008102849305612673,-1.3401134881958117,2.1667004271916004,0.005559643903948534,0.004659992853509275,0.013987216349017334,0.919209340685865,0.0076005786106827485,0.001053107316704009,0.0014719770994942117,0.017238021211297787,0.016943345325723804,1.0041446075893161,0.005298203171653569,-0.021249220772439407,1.0782363577342788,-0.0022232540054167734,-0.010867550239258004,0.009369017835124486,0.06126075031111555,-0.0029450840456256085,0.03265148061377399,-0.02255889670677934,0.024948903149546117,-0.07893411314355082,0.02717962113181351,0.18052061879961603,0.004317067975757358,7.203431657218922e-05,0.008423745902604925,0.10305453467101353
2.3788793430439344e-05,0.01606702667227599,-0.010241717659113829,-2.840702562984142e-05,-0.0003760991956956866,0.0003619154400080598,0.00551268867863327,-0.000912764460313107,5.30292498702243e-06,1.3413728870828264e-05,7.629220981225137e-05,0.0008046912463890327,0.005298203171653569,0.016320417976935748,0.00097608960522178,0.00682349288268147,0.00024998595568534953,-0.0002979258437445047,0.0008360577616012855,-0.0011131659120686538,3.1027615820867214e-05,-0.00018733400797547623,-0.0005403854575907237,0.0006157398942986328,0.0021976925873482566,-6.451431797303832e-05,0.001490252540097238,0.0005177409254368631,0.00011698047778595396,0.0002475532816778377,0.001182496362202069
6.980580488430366e-05,-0.8344888515606812,0.441580275375044,-0.0013310770560730184,0.0014574821181371391,0.0005125391659687031,-0.022477436476569197,-0.016118108183017378,7.769562456936322e-05,0.00023214754007676774,0.004651037938453941,-0.021841910391716752,-0.021249220772439407,0.00097608960522178,1.0683209450843902,-0.02363528263415854,0.0013682127993534438,0.004223623375407207,-0.005454641881982005,0.025820605596582388,5.860323170328155e-05,0.006418970959115279,-0.003971790485967019,0.0019431535248170377,0.0056717031592689905,-0.0011722271759467345,0.020601541746596407,0.0005551663849334083,0.0016044609652976767,0.0015661839689903882,-0.04366392336599811
-0.0010270512811627994,-1.6115163281380926,2.8290644818067996,0.006537741872534277,0.003269721410000904,0.015658664761643445,1.094491462834051,0.011434623450355771,0.00113847067206346,0.0020984134889560913,0.016788975123150376,0.016013162742800166,1.0782363577342788,0.00682349288268147,-0.02363528263415854,1.3842614509536817,-0.002907955587893352,-0.013115820137271519,0.023873061270204714,0.055750104328118485,-0.003499713633155899,0.020083690435819014,-0.028071541244950926,0.030719918602346956,-0.1013941368634573,0.03495981594275189,0.2566965690030874,0.005405940550123855,-7.704208074170356e-05,0.008742902921513666,0.10454416683384883
-6.21508375082236e-06,-0.013493770332546414,-0.007064661372135447,-4.978041632300314e-05,0.0003089225393795112,-0.00024753174351165204,-0.0023707637253094875,-0.0003523317751423568,8.676457595114765e-07,3.0231530674111383e-05,-0.00011219167463529579,-0.0006115261673450828,-0.0022232540054167734,0.00024998595568534953,0.0013682127993534438,-0.002907955587893352,0.013345658604986581,-2.9977650725436e-05,0.0018583456782088766,-0.0004375223070490449,1.3678370179956172e-05,-0.0001755322976313074,0.0002498605000759859,-0.0001729369817644999,-0.0006873007295349499,9.851156271922398e-05,0.0036059243398087475,9.817079737094876e-05,0.00020538075004124414,-8.055010144890834e-05,-0.0034879756604403313
1.9764306343455153e-05,0.054509030847751334,-0.09193423368197029,-0.00019336244372427418,0.0010794281820491814,0.0010850966415237322,-0.011448949991641737,-0.0010922237382052268,-4.884192607076432e-06,-1.0641163334478724e-05,0.0022815188828978032,-0.003609664711405312,-0.010867550239258004,-0.0002979258437445047,0.004223623375407207,-0.013115820137271519,-2.9977650725436e-05,0.0024866407215771926,-0.0010703415339555088,0.011050701395806273,-0.00024405129800230522,0.0023097817662880134,0.0009547407072195457,-0.0012003786797133533,0.0020452587675708384,-0.0007028423205797727,-0.0018820235795575233,-0.0006548661371808853,5.9169245905773326e-05,0.0005507844750637548,-0.0005521618894811697
-0.00014368423613072545,0.361326630445224,-0.2767319993705961,-0.00021623951316161264,-7.434662088165414e-05,-0.0008841643764480944,0.019046919448168123,0.0029107951861601367,-2.737514543056516e-05,9.808328723658154e-05,-0.0007891040246880689,0.024376741729461887,0.009369017835124486,0.0008360577616012855,-0.005454641881982005,0.023873061270204714,0.0018583456782088766,-0.0010703415339555088,1.3645111832375028,-0.004919699671746338,9.240533093974964e-05,-0.000589202043019955,1.1465618691221443e-05,0.0008663156481115178,-0.013814154072128854,0.0030542415837408747,0.0072718201943195795,0.0001611368557799131,-0.0003470523976401087,0.00021523014979953919,0.015037610239417938
0.00016020701606440119,0.15396246443011385,-0.22092907335274,-0.000505074694741673,0.01303161869084978,0.010683699552300125,0.06406781611973238,-0.002277588406721533,3.387725348037673e-05,-0.00033177087232488323,0.012768174386861914,-0.00580847659466295,0.06126075031111555,-0.0011131659120686538,0.025820605596582388,0.055750104328118485,-0.0004375223070490449,0.011050701395806273,-0.004919699671746338,0.15054722983464144,-0.0014746478017614575,0.03348211437405893,0.00433919634641982,-0.005087625855172105,0.0166155647905224,-0.002156507651526534,-0.04497490979882185,-0.002279192251840626,0.0002924587378382221,0.004508963966192578,-0.014328614279241376
-1.0965091378603858e-05,-0.06189360504215988,0.09083833460814277,-2.35035484322327e-05,-5.6759164851247355e-05,-0.0002806718505392968,-0.0025432938873453507,-8.156213922755737e-05,-2.123234604957054e-05,5.9349832133985914e-05,-0.0005412399141925534,0.0006662374147430875,-0.0029450840456256085,3.1027615820867214e-05,5.860323170328155e-05,-0.003499713633155899,1.3678370179956172e-05,-0.00024405129800230522,9.240533093974964e-05,-0.0014746478017614575,0.00040123286097316875,-0.0002599384951037284,-0.001127464873115559,0.0010751401801127776,-0.0010827950656648226,-0.0002387242319407588,0.007201813486202637,3.74268292732001e-05,-3.748779287372799e-05,-0.0006041560693606447,-0.0009290887695224063
-4.4625653192347034e-05,0.010201507649544467,-0.04698611039749474,-6.396235597058567e-05,0.005425348402040952,0.0016761803136910696,0.027478253976726406,-0.0003704608140548333,0.0002614207709308827,9.133889493730201e-05,0.006172333270310975,-0.0015035496615778989,0.03265148061377399,-0.00018733400797547623,0.006418970959115279,0.020083690435819014,-0.0001755322976313074,0.0023097817662880134,-0.000589202043019955,0.03348211437405893,-0.0002599384951037284,0.02402929469145762,0.0007041284763351231,-0.0011092116571757495,-0.004168452052178326,7.566879523817603e-05,0.011261708666739546,-0.0007191544049390622,-1.8093097329090128e-05,0.0021008827535548493,0.005612354126353257
1.5128501147481157e-05,0.5674300359405241,-0.8353347096502591,-0.00014111081179868322,0.0007964531196315653,0.0008370021231963962,-0.02323157556942245,7.988792716292536e-05,6.649281496255199e-05,-0.0002578035970539722,0.0008793478155312343,-0.002409402575283922,-0.02255889670677934,-0.0005403854575907237,-0.003971790485967019,-0.028071541244950926,0.0002498605000759859,0.0009547407072195457,1.1465618691221443e-05,0.00433919634641982,-0.001127464873115559,0.0007041284763351231,0.01035515620152458,-0.010549094551261327,0.0015045912116544565,4.765937966818371e-05,-0.031566833121313136,5.318948862630769e-05,0.000343019388383273,0.0027023645163215173,-0.006186175356669851
2.1911910139955908e-05,-0.5748952268520019,0.955125372002485,0.0001928608189528523,-0.0009038711368514383,-0.0007534829379666226,0.02559921345605473,0.00022609548958711238,-8.432224655183434e-05,0.00017812848243951,-0.0012422912344524119,0.003171850368550428,0.024948903149546117,0.0006157398942986328,0.0019431535248170377,0.030719918602346956,-0.0001729369817644999,-0.0012003786797133533,0.0008663156481115178,-0.005087625855172105,0.0010751401801127776,-0.0011092116571757495,-0.010549094551261327,0.01196649564572754,0.002028529428342713,-2.665084814749858e-05,0.021724665599058043,0.0001768748356373041,-0.00018353305247317722,-0.002656709559436521,0.005606729905007377
0.004029442142232639,0.10539494364202466,0.14960960623608607,-0.005021287072874415,0.0004749059332845559,0.003736546429994237,-0.08144475305332742,-0.0058083775009435245,-2.0002308759793722e-05,-0.002189996908688326,-0.005327120703017297,0.029134610362567946,-0.07893411314355082,0.0021976925873482566,0.0056717031592689905,-0.1013941368634573,-0.0006873007295349499,0.0020452587675708384,-0.013814154072128854,0.0166155647905224,-0.0010827950656648226,-0.004168452052178326,0.0015045912116544565,0.002028529428342713,0.3962186204500088,-0.03466285337726522,-0.2672738916192972,0.003780469912218198,0.0033821608991672957,0.0034243772643456362,0.006872806175809145
-0.00034938820178357066,0.026557221917048266,0.0054984958860603336,0.0015379768344327787,-0.0005785267047820281,0.0010327519683829495,0.027720435718301087,-0.00014741224979735758,5.9418057967742754e-05,0.00022219730443294233,0.00027064717889282297,-0.002572632043152481,0.02717962113181351,-6.451431797303832e-05,-0.0011722271759467345,0.03495981594275189,9.851156271922398e-05,-0.0007028423205797727,0.0030542415837408747,-0.002156507651526534,-0.0002387242319407588,7.566879523817603e-05,4.765937966818371e-05,-2.665084814749858e-05,-0.03466285337726522,0.009768343470971321,0.02764698822573177,-0.0001454614767023605,-0.00015711745324843506,0.0005935225190214757,-0.0023606372886923136
-0.0027738527976510666,-1.198607875968156,2.357739482642995,0.003701076155827971,-0.009160584790040146,2.0436575264521523e-05,0.20818719262612242,-0.008802600151741129,-0.0006023234851592812,0.013499250827634828,0.008909070662568725,-0.010157454587589853,0.18052061879961603,0.001490252540097238,0.020601541746596407,0.2566965690030874,0.0036059243398087475,-0.0018820235795575233,0.0072718201943195795,-0.04497490979882185,0.007201813486202637,0.011261708666739546,-0.031566833121313136,0.021724665599058043,-0.2672738916192972,0.02764698822573177,1.656928859066395,-0.0006764859363113113,-0.004273034049867758,-0.018241538066954603,-0.01576363162859068
3.900031740026902e-05,0.0032733733952229763,0.013121901599862604,1.5972904681542938e-07,-0.000263699303336265,-9.104729016331046e-05,0.004792670113941365,-0.00017850710791753082,1.9322551693270267e-06,-6.535989704292419e-06,-0.0006517083710003128,0.0026513315444100954,0.004317067975757358,0.0005177409254368631,0.0005551663849334083,0.005405940550123855,9.817079737094876e-05,-0.0006548661371808853,0.0001611368557799131,-0.002279192251840626,3.74268292732001e-05,-0.0007191544049390622,5.318948862630769e-05,0.0001768748356373041,0.003780469912218198,-0.0001454614767023605,-0.0006764859363113113,0.0007912452907376797,0.00018753870085296706,-9.019536522690849e-05,0.00046158677945632874
3.434972945340512e-05,0.025275384736000987,-0.0110563100892531,-7.207799896577653e-06,-7.986500306425142e-06,8.494800895346087e-05,-0.00019551226075245214,-0.0002435145720255297,2.2549351353415367e-06,-3.497004287542418e-05,2.452825084869453e-05,-0.00021361684285921335,7.203431657218922e-05,0.00011698047778595396,0.0016044609652976767,-7.704208074170356e-05,0.00020538075004124414,5.9169245905773326e-05,-0.0003470523976401087,0.0002924587378382221,-3.748779287372799e-05,-1.8093097329090128e-05,0.000343019388383273,-0.00018353305247317722,0.0033821608991672957,-0.00015711745324843506,-0.004273034049867758,0.00018753870085296706,0.0003971235317314041,7.622689151827474e-05,-0.0003024017007242023
3.654291968666943e-05,0.1525489712183811,-0.21290223426800878,7.792602271281912e-05,0.0005813773239452651,0.0007519762172328822,0.0070224238986054495,0.00023338480687499542,0.00013569436357656488,-0.00015097032849699678,0.0016994994501718912,-0.0016005026872576615,0.008423745902604925,0.0002475532816778377,0.0015661839689903882,0.008742902921513666,-8.055010144890834e-05,0.0005507844750637548,0.00021523014979953919,0.004508963966192578,-0.0006041560693606447,0.0021008827535548493,0.0027023645163215173,-0.002656709559436521,0.0034243772643456362,0.0005935225190214757,-0.018241538066954603,-9.019536522690849e-05,7.622689151827474e-05,0.008398832500965103,0.002986850044525465
0.0001000743651412689,0.3279321523330543,1.2686301122379358,0.0015513314507823901,-0.008076248584175775,-0.0038577529551111294,0.09175665455406327,0.0013480777300190782,0.000907675453837937,-0.00018545677721540447,0.006554609412264072,0.053048375578593224,0.10305453467101353,0.001182496362202069,-0.04366392336599811,0.10454416683384883,-0.0034879756604403313,-0.0005521618894811697,0.015037610239417938,-0.014328614279241376,-0.0009290887695224063,0.005612354126353257,-0.006186175356669851,0.005606729905007377,0.006872806175809145,-0.0023606372886923136,-0.01576363162859068,0.00046158677945632874,-0.0003024017007242023,0.002986850044525465,2.6727047796321943
